epoch,acc,loss
0,0.018642408010586545,4.0157191057408275
1,0.017540996604441545,3.933241806188221
2,0.01839764991864359,3.9227529922803424
3,0.02023333561095112,3.9188874844694794
4,0.021457126083127085,3.913552118026579
